Date,Open,High,Low,Close,Volume
2024-11-04,109.56941672994887,112.05211911485483,109.43725810578535,111.9671630859375,14965400
2024-11-05,112.41084355485246,112.53356022173041,111.40076993670395,112.29756164550781,10436700
2024-11-06,114.3649053270741,115.08234297679468,112.61851739737278,114.22330474853516,20807700
2024-11-07,114.50649925195154,114.6952952109633,112.91114675051665,114.36489868164062,12184400
2024-11-08,114.20441653079183,114.6197690633432,112.95834452893003,114.32713317871094,12836000
2024-11-11,114.22330009593264,114.80857910240489,113.34538518727643,113.72298431396484,11969700
2024-11-12,114.34601740405374,114.51593665192844,113.12826399463582,113.60970306396484,11972800
2024-11-13,113.81739585178262,115.21451062630733,112.14652905995942,114.6669921875,15127900
2024-11-14,115.79004267909038,115.99942182227613,114.52421196936261,114.74311065673828,13041800
2024-11-15,114.59084888994177,115.3903164331597,113.38212076842366,113.55343627929688,19051700
2024-11-18,114.0102729479599,114.80022815776562,113.51535827574796,114.50518035888672,14239700
2024-11-19,113.97219862845826,113.97219862845826,112.49698146194754,112.90623474121094,11584400
2024-11-20,113.4201789760387,114.65745833380738,112.91575204536348,114.51469421386719,11360900
2024-11-21,115.2380329196694,116.63710829546686,114.46710953755101,116.0470199584961,14675400
2024-11-22,115.9423239554936,117.26525746342568,115.77100845929381,115.91377258300781,13323400
2024-11-25,115.57115075632971,115.99943590015317,113.83896382905982,114.18159484863281,26580300
2024-11-26,113.76281326470219,113.90557738879032,112.16387104974203,112.27808380126953,14827300
2024-11-27,112.39229352250659,113.00142095896551,111.76414151867107,111.98304748535156,11079100
2024-11-29,111.77366252049187,112.78251646228155,111.30729920741689,112.26856994628906,9426500
2024-12-02,112.35422635223,112.49698321594367,111.18356924078267,112.16387176513672,12687300
2024-12-03,112.99190299930518,112.99190299930518,111.60234712636404,111.99256134033203,11756600
2024-12-04,111.83076079377749,111.8783512560761,108.36638716796242,108.76612091064453,19520600
2024-12-05,109.17537447452098,110.0414715138106,108.5567347694977,109.24199676513672,15751200
2024-12-06,109.0135852794165,109.23248399303247,108.02376314226527,108.09038543701172,16171100
2024-12-09,109.10875808418695,109.39428635157209,107.30994887900273,107.45271301269531,17412600
2024-12-10,108.10941982254266,108.38542855338554,106.35820102706671,107.23381042480469,20990900
2024-12-11,106.59612321499637,106.96730556314583,105.74906531677998,106.51998138427734,32392200
2024-12-12,106.20590635945652,106.95779063234714,105.43499025870757,106.42481231689453,14543300
2024-12-13,106.50095712274758,106.50095712274758,104.93056624371387,105.49209594726562,13106100
2024-12-16,104.8829678960134,105.07332247202287,102.94140204970905,103.23644256591797,20256100
2024-12-17,102.06580013362758,102.95092907024753,101.63751498354416,102.79865264892578,17554000
2024-12-18,102.37986987792723,103.5790783479389,101.18066140791557,101.28535461425781,17114500
2024-12-19,102.20855529282338,102.47504445269246,100.13373749790486,100.41926574707031,20565600
2024-12-20,100.36214563583765,101.01885618602844,99.78157691259622,100.76188659667969,40141200
2024-12-23,100.22891134035409,101.45667119591222,99.85772897254408,101.17115020751953,12285100
2024-12-24,101.38051712256406,102.01819583502608,100.60008156378173,101.26631164550781,7807000
2024-12-26,101.38054112211671,101.86593629836455,100.82853090933922,101.35198974609375,9652400
2024-12-27,101.17115275984722,102.77960730717339,100.6667185378528,101.34246826171875,11943900
2024-12-30,101.17115016675821,101.41860023767516,100.41926588677585,100.6572036743164,11080800
2024-12-31,101.04742206530058,102.69395481840736,100.67623968222937,102.37987518310547,12387800
2025-01-02,103.05561556857323,103.74087757306332,101.7231624777631,102.13241577148438,12685400
2025-01-03,102.78913601386843,103.25549209780836,102.27518946244479,102.65589141845703,14237900
2025-01-06,103.01754735060041,104.48324506278051,102.3322853281489,102.54167175292969,15623700
2025-01-07,103.68377235857663,104.74972899682477,103.0556131156504,103.50293731689453,12625900
2025-01-08,102.13243009331681,102.51313206711698,100.89515775507402,101.77076721191406,17858100
2025-01-10,103.45535310727895,104.78780624690043,100.67624133062742,101.39957427978516,19304500
2025-01-13,101.96109788472765,104.34047575504385,101.96109788472765,104.01688385009766,17073400
2025-01-14,103.54101095047129,104.46421074980559,102.62733069602395,104.42613983154297,11191200
2025-01-15,104.74022015102318,106.33916242215733,104.18820272450759,106.12977600097656,14521100
2025-01-16,105.82521142844236,106.3010869977599,105.21609128061873,105.94893646240234,10366600
2025-01-17,105.67292832464283,107.42415420494282,105.4730614558173,106.90068817138672,19298500
2025-01-21,106.64372275002896,106.76744778951304,105.7681061448134,106.09170532226562,20416300
2025-01-22,105.83473068591391,106.18688124447719,104.12158288025017,104.24530792236328,15718000
2025-01-23,104.98767986913258,105.7776351629243,104.3214568871913,104.83540344238281,13726800
2025-01-24,104.9210433834321,105.36836757994196,103.17934432007502,103.41728210449219,14235900
2025-01-27,103.7504035026131,105.12092033464819,103.1603151265921,104.85443115234375,15926700
2025-01-28,105.08285483036616,105.52065951664868,102.58926404019826,102.82720184326172,15862000
2025-01-29,102.51312328677605,103.53149680422732,102.28470502657466,103.42680358886719,12345500
2025-01-30,103.96929896264425,104.54986777503224,103.45535244374574,104.28337860107422,14346300
2025-01-31,105.21610642217726,105.21610642217726,100.98080888898235,101.67559051513672,20376500
2025-02-03,101.49474192613242,102.12290116975106,100.23843070018016,101.92302703857422,14623200
2025-02-04,101.56136501646802,104.9591163539758,101.39004951788422,104.65455627441406,14835700
2025-02-05,104.44517033540548,104.70214721509777,103.83605017349909,104.57841491699219,13364400
2025-02-06,105.42547376602921,105.6919701927551,102.77960667874605,103.19837951660156,13411400
2025-02-07,103.53150672577887,104.43567483041977,103.09370199290184,103.63619995117188,10051600
2025-02-10,104.70214164413416,105.67292458136772,104.5784093526121,105.6158218383789,12142200
2025-02-11,106.21542117056867,107.08151815586676,105.47305647533297,106.28204345703125,12713100
2025-02-12,105.67708371729026,105.84993157546117,102.92112268040815,103.08436584472656,18244100
2025-02-13,102.89231913114472,104.10225417604192,102.28734794557859,103.8333740234375,15460000
2025-02-14,104.20788346443844,105.84994194098066,103.80457419795657,103.93901062011719,15733500
2025-02-18,104.31350295783734,106.57972717649496,104.01582338439637,105.76350402832031,20060300
2025-02-19,106.3588730918942,107.6744304591308,105.68668370402261,105.91715240478516,10964700
2025-02-20,106.17642802088709,107.95291558865782,105.58106149129577,107.54960632324219,16325800
2025-02-21,106.89662803158548,107.40556696909005,106.1668250682136,106.29166412353516,14710000
2025-02-24,106.52210835303492,107.415154355052,105.9363466029896,106.84859466552734,13153500
2025-02-25,106.8774190334039,107.67443283083279,104.56317856435808,105.36980438232422,14497000
2025-02-26,105.37939986433899,105.50423890932623,104.20787627244815,105.11052703857422,10446400
2025-02-27,105.63867302607484,106.8678101035605,104.93767689450902,105.77310943603516,15293200
2025-02-28,105.73469593868535,107.14628554216347,104.9952883719898,106.90621948242188,18821700
2025-03-03,107.26150911833489,107.70323710116396,102.27774285994677,103.47807312011719,18706900
2025-03-04,102.13371065761605,104.63039635094316,101.73040141337358,103.2668228149414,19394900
2025-03-05,101.63437453436875,102.10490933727205,99.55060266860455,101.25027465820312,24822200
2025-03-06,101.24066209657384,103.81417062858223,100.21317962257619,103.34364318847656,17150200
2025-03-07,104.10225668429284,106.01318059737575,103.9966270247834,104.6880111694336,19625000
2025-03-10,104.93768143817438,108.09695186150383,104.74563150883981,107.35755157470703,22749100
2025-03-11,107.47278059988247,107.64562846999114,104.46715592513009,104.82245635986328,19904700
2025-03-12,104.71682456086629,105.75390443410868,104.11185336472012,104.79364013671875,14051500
2025-03-13,104.02544233740886,106.4164985990139,103.35325287376948,104.3519287109375,17767800
2025-03-14,104.6112011527099,107.72245561080894,104.0062299204159,107.45358276367188,15890100
2025-03-17,107.35755263406034,109.95026333683661,107.29033442550644,109.23966979980469,19908800
2025-03-18,109.55654377350196,109.98866707782851,108.09694535026688,109.12442779541016,15998700
2025-03-19,109.66217808070316,111.2178088550842,109.30688498513157,110.82410430908203,17315000
2025-03-20,110.16152736178913,111.8419899736422,109.67179049213169,111.29463958740234,16230800
2025-03-21,110.9105224609375,111.38104989881994,109.80621709239979,110.9105224609375,41102800
2025-03-24,111.08338166697025,112.26451005553749,110.98735669603661,111.19861602783203,14207500
2025-03-25,111.80357587280882,112.96549482919703,111.35225046697303,111.95721435546875,12081800
2025-03-26,113.00390502850578,114.44430150287003,113.00390502850578,113.5704574584961,14110800
2025-03-27,113.40721340255261,114.3386709542741,112.60059489976406,113.20555877685547,12740800
2025-03-28,113.4072111281204,113.75290685844962,112.5813832530267,113.05191802978516,10233400
2025-03-31,113.10952301141668,115.1452857891142,113.10952301141668,114.2042236328125,21652300
2025-04-01,114.48270809212376,114.54032160425595,113.24396629763665,114.30986022949219,12425400
2025-04-02,113.68568650238353,114.1178024940098,112.98469768696893,113.95455932617188,12614600
2025-04-03,109.82543965354614,110.86251961483129,107.77047446877452,107.9625244140625,21204600
2025-04-04,105.50424529095325,106.42609817486469,99.70424781922111,100.19397735595703,30841300
2025-04-07,96.40093992018934,101.59597370014559,94.54762938531168,98.84961700439453,35068500
2025-04-08,101.26947293791513,101.40390935479742,95.07577108820765,96.76583099365234,27147800
2025-04-09,95.42145582000512,102.34495979590643,94.2307229417514,101.59595489501953,30063300
2025-04-10,99.589011194046,99.65622940302265,93.91385290405884,95.95921325683594,33999300
2025-04-11,96.3145094764317,99.80026614867558,94.8645083733973,99.04165649414062,22884600
2025-04-14,100.8565558507933,100.91416936302362,98.6383477151056,99.28172302246094,18020000
2025-04-15,99.52179373504156,101.22146568748653,98.90722515512793,99.00325012207031,13164900
2025-04-16,99.81947330451726,101.39430620591645,99.57940722410598,100.04994201660156,13607000
2025-04-17,100.53006266456418,104.23668310772526,100.30919867233592,102.67144775390625,17916500
2025-04-21,101.41351201371533,101.43271407592657,99.98272027633709,101.1638412475586,16926500
2025-04-22,101.92245337934756,104.61119638053368,101.92245337934756,103.99662780761719,13147000
2025-04-23,104.48635995015299,104.95689474920692,102.23934492277724,103.10358428955078,14235700
2025-04-24,103.67972887591827,104.55356550538333,102.70985996358567,104.3134994506836,9849600
2025-04-25,103.8429911681538,104.4383577309514,103.1515996310304,104.25590515136719,11245800
2025-04-28,104.42873379438392,104.90886590378338,103.40125137331844,104.3134994506836,13890900
2025-04-29,103.45887846385925,104.50557040939903,103.24761913579239,104.05424499511719,9483100
2025-04-30,103.15159036269044,103.15159036269044,100.01152929433648,101.4327163696289,20379300
2025-05-01,100.92377930296617,102.67146008506563,100.80855227251624,101.5767593383789,18610300
2025-05-02,103.43967867314106,104.66881588936896,100.39564239135231,101.98967742919922,16581900
2025-05-05,100.49165803831377,100.50126273242815,98.97443872258357,99.16648864746094,19624000
2025-05-06,99.76185422311934,101.76881035301628,99.36814968285509,100.54927062988281,16303400
2025-05-07,100.81815251693357,101.1062347537473,99.93471106918366,100.45325469970703,12332200
2025-05-08,101.15423608840204,103.12278079970336,101.15423608840204,101.85523223876953,19196500
2025-05-09,102.88270868298659,103.46847044748878,102.15290581920385,103.04595184326172,10992100
2025-05-12,105.8883430115922,106.05159351342036,104.01583052394437,104.82245635986328,14244600
2025-05-13,104.97609062569182,106.11880746142715,104.68800841166669,105.11052703857422,13350800
2025-05-14,104.5343771837758,104.5343771837758,103.64133104986804,104.16947937011719,15494900
2025-05-15,103.20036649387336,105.29364449208465,102.69643330562512,105.2258071899414,15004300
2025-05-16,105.2936436524603,105.52622763028089,104.13070897593472,104.84785461425781,14042500
2025-05-19,104.24700238195618,104.24700238195618,102.45415311277843,103.18098449707031,16802700
2025-05-20,103.10345008888231,103.42325766020087,101.54318485225515,101.70793151855469,12429300
2025-05-21,101.30090618868215,101.72731627727113,100.43840025037139,100.4577865600586,16716100
2025-05-22,99.87632449662337,100.27366254990984,98.74246927102432,99.78910827636719,13417400
2025-05-23,99.43053492331133,100.27366201652684,98.91690857908208,99.84725189208984,12061600
2025-05-27,100.29303333665305,100.6516061317405,99.72126288920884,100.32210540771484,13043600
2025-05-28,101.06832233005039,101.2039969231541,98.64555117646891,98.9556655883789,14292400
2025-05-29,99.12042316854105,99.67281475664451,98.60679681040943,99.51776123046875,13825300
2025-05-30,99.00413404786934,99.22702487621179,98.06409756158732,99.13980865478516,28645800
2025-06-02,100.54500352410645,100.6419128921345,99.06226875151577,99.86663055419922,17290500
2025-06-03,99.72126856237468,101.42690163423865,99.05258131506825,100.59346771240234,19194300
2025-06-04,100.70975979015704,101.67886835024795,99.13980865478516,99.13980865478516,15648500
2025-06-05,99.79879477604136,99.8666320740645,98.58740917297756,98.68431854248047,13924800
2025-06-06,99.58559401783626,101.27184077971873,99.50806356140893,101.04894256591797,15487800
2025-06-09,101.10709656039528,102.58013829972981,100.62254228652436,101.72732543945312,17087300
2025-06-10,102.80303093298025,104.32453097451338,102.65766317997547,103.9078140258789,17634800
2025-06-11,104.43113665077948,106.01078088368226,103.17129261168118,105.9332504272461,22648200
2025-06-12,105.55528814214514,106.78605998547035,104.87691520042219,106.34027099609375,17469400
2025-06-13,108.87933918017968,109.05377900702386,107.26092974950436,108.65644836425781,28540200
2025-06-16,108.36571017022997,109.66431938094439,107.69702295160855,109.00532531738281,22986100
2025-06-17,110.4299122832885,111.37964188084752,109.61586467999037,110.4783706665039,19451700
2025-06-18,111.0695298681772,111.68006558393269,109.45112038804743,109.69339752197266,17968900
2025-06-20,109.94536024294479,111.48624665698877,109.68370419195463,111.15674591064453,36273300
2025-06-23,113.09495457524564,113.33723169078277,107.72610020140846,108.28817749023438,26631100
2025-06-24,105.87510211023117,107.51289781778655,104.57650028779175,104.99320983886719,24828300
2025-06-25,104.77032280510122,105.86541277218186,104.37298476247835,105.02229309082031,17483200
2025-06-26,105.57467991463989,107.02834263102486,105.19672819987667,106.59223937988281,18304800
2025-06-27,106.5437968215284,106.6988503454803,105.02229668708586,106.00109100341797,22002100
2025-06-30,105.28394965126363,105.47776839893884,104.39237158201962,104.46990203857422,19199000
2025-07-01,104.78970638273523,106.25306238488191,103.83998413032015,105.86541748046875,15536900
2025-07-02,106.60193234936017,107.9199204680855,105.46807720704395,107.61949920654297,11892200
2025-07-03,107.43536880227055,108.99563407732639,107.20278483272446,108.73397064208984,11223600
2025-07-07,108.09435976061357,108.58860715114504,106.81513687442865,107.67764282226562,15415900
2025-07-08,107.4644375679824,110.9241545075964,107.42567234196552,110.6624984741211,17913400
2025-07-09,110.40084945674458,110.74003598652514,109.77092739074534,110.28456115722656,10652100
2025-07-10,110.19732513511048,111.70913200837082,109.57709629512104,111.379638671875,14901700
2025-07-11,111.30210447010357,112.18399671227975,110.97261114470416,111.86418914794922,11683900
2025-07-14,111.67037023033019,111.67037023033019,109.7224601706443,110.40083312988281,13220300
2025-07-15,110.14887421213247,110.53651169207183,109.1216141879024,109.42204284667969,10959300
2025-07-16,109.39296085183982,109.99381076178989,108.6370574322415,108.76304626464844,11158900
2025-07-17,108.04590877120798,108.76305441240078,107.65826387748159,108.21066284179688,13151400
2025-07-18,107.67764499019941,108.27849491615278,104.02410183988316,104.4408187866211,32366600
2025-07-21,104.27607021285094,105.40992535173547,104.12101670190538,104.71217346191406,17010400
2025-07-22,104.64434381776182,106.05924140453212,104.28577099480256,105.18704223632812,13970900
2025-07-23,105.56498728177672,106.60193306217856,105.48745682869541,106.53409576416016,12002700
2025-07-24,106.27244843901917,107.52259197731087,105.75881469053272,107.36753845214844,15647200
2025-07-25,107.30938582168368,107.55166294298876,106.31119787118948,106.98957824707031,10548900
2025-07-28,107.57104168343983,108.64675269177111,107.41598077707704,107.99745178222656,12353000
2025-07-29,108.44323745055422,109.50925527090942,107.96837637846804,109.39295959472656,15928000
2025-07-30,108.9375000139948,109.13131877426656,107.82302365815286,108.44325256347656,12996900
2025-07-31,106.95081126319111,109.02470279599133,106.95081126319111,108.19126892089844,17233700
2025-08-01,108.54015612563701,109.06347562277384,105.49715591146874,106.25305938720703,19652000
2025-08-04,105.84603379348519,106.52440680036018,103.7818279128161,104.05318450927734,19129500
2025-08-05,103.90782139933883,104.48928505890846,102.7933450721653,103.92720031738281,21314300
2025-08-06,104.96413257379511,105.68127814152342,103.08406723144006,103.21974182128906,15321800
2025-08-07,103.83028155281022,104.72185957646,102.61889595751077,102.67704010009766,13468300
2025-08-08,103.21005794196374,104.18885962273232,102.67704529557706,103.50079345703125,14417700
2025-08-11,103.80120282631897,104.2082265857527,102.27000975754204,102.56074523925781,13570700
2025-08-12,103.05499811125478,103.96596250056969,102.51229969738787,102.85148620605469,14109400
2025-08-13,102.7254975716048,104.27606964111328,102.47352729977504,104.27606964111328,17958700
2025-08-14,104.22762027221738,104.26637810505987,103.15190926491991,104.0628662109375,13683500
2025-08-15,103.86724922324527,105.20727767225166,103.63249350424832,104.16068267822266,19271900
2025-08-18,103.77921716514152,104.88450485428011,103.35862248376837,104.38565826416016,13040000
2025-08-19,103.87702753697705,105.10946897165667,103.8281256912634,105.07034301757812,16113600
2025-08-20,105.52027559905606,106.93856338685328,105.32465329988311,106.15605926513672,18959700
2025-08-21,106.0484717497085,107.17331870035365,105.59853446195301,106.84075927734375,12194900
2025-08-22,107.20266391411643,108.97307797024921,107.20266391411643,108.84591674804688,13586700
2025-08-25,108.47421484175817,109.47190044568522,108.12208875507524,109.29583740234375,9744900
2025-08-26,108.93393728899466,109.36430782035067,107.94602755875756,109.05130767822266,18143900
2025-08-27,108.98284252847807,110.50872479862804,108.98284252847807,110.28375244140625,15262600
2025-08-28,110.40113185373734,111.16406926831552,109.61862773172712,110.8706283569336,14189800
2025-08-29,111.23253022712217,112.27912512793087,111.09559313449388,111.7900619506836,14597900
2025-09-02,111.68247363253984,112.71928523765276,110.8510676777316,112.18132019042969,15206700
2025-09-03,111.47706565723645,111.92700290030731,109.02196633334928,109.46212768554688,14920100
2025-09-04,109.65775631492329,110.65544200503547,108.9437207267698,109.94141387939453,12864400
2025-09-05,109.15891427159457,109.33497733745654,106.63534614841075,106.84075927734375,16826700
2025-09-08,107.32981893274481,107.64281909909218,105.97999965208031,107.44718933105469,15440500
2025-09-09,108.1123126941091,110.04900630149459,108.1123126941091,108.22969055175781,14899500
2025-09-10,108.72853689092521,110.09790791473041,108.41552927118416,110.03922271728516,15837600
2025-09-11,108.96328418409082,110.30331259737805,108.44487837785454,109.68709564208984,11534500
2025-09-12,110.39135056172458,110.74347667695436,109.43278336748516,109.7066650390625,11105700
2025-09-15,109.72622974845274,110.00010397115585,108.88504037157152,109.89250946044922,12880500
2025-09-16,110.48916065280257,112.79753962492748,110.31309759687737,112.17153930664062,17208000
2025-09-17,112.02481035651354,112.96381076275398,111.55531388464927,112.7681884765625,13302000
2025-09-18,112.65082487964047,112.8268879444926,110.91954429402186,111.43795013427734,14628700
2025-09-19,111.40860461879606,111.48685652613011,110.17616319707892,110.35222625732422,38746500
2025-09-22,109.99031206295804,110.33266227722565,109.1197801531321,109.56971740722656,15611500
2025-09-23,110.25440538949279,112.24000072243238,110.01965715068778,111.4574966430664,25369100
2025-09-24,112.0639444255493,113.22791726150317,111.96613327536691,112.05416107177734,14756100
2025-09-25,112.13241312727628,113.36485451626152,111.90744822780641,113.06163024902344,15012600
2025-09-26,113.42354156212417,115.77104652046233,113.38441560885875,114.6559829711914,18568900
2025-09-29,113.52134471243885,113.95172270551072,111.18362327282033,111.72159576416016,19189300
2025-09-30,110.87062679338135,111.00756389342513,109.49147243936548,110.28375244140625,18076200
2025-10-01,110.0979065120232,110.54784376589994,108.85568925268005,109.54037475585938,16614000
2025-10-02,109.52081626547348,110.61631307810582,108.60137504414647,108.8556900024414,13062600
2025-10-03,109.45234787482161,111.26188025905991,109.45234787482161,110.78260040283203,12950100
2025-10-06,110.811942836342,112.25956575657106,110.70434833331672,111.70203399658203,12036800
2025-10-07,111.57488052075732,112.00525853390788,109.29584416931891,111.76072692871094,11945000
2025-10-08,111.87809656508286,112.49432098201136,110.92932021185828,111.52597045898438,12301000
2025-10-09,111.92700303983895,112.98338133141553,110.27396705371515,110.44025421142578,10976200
2025-10-10,109.80446979335335,110.15659588806842,108.28837091541277,108.30793762207031,13811600
2025-10-13,109.10021898851849,109.8435971381859,108.88502998762696,109.78490447998047,10296500
2025-10-14,108.33728430066219,110.48915943830576,108.28837499468796,109.83381652832031,11167200
2025-10-15,110.33265869376197,111.08581272316219,108.54268562663296,109.16868591308594,12182900
2025-10-16,109.43278437463806,109.73600864818982,107.97537805583714,108.21990966796875,11782200
2025-10-17,109.18824678205839,110.44025483610798,108.74809288933457,109.78490447998047,13460100
2025-10-20,109.55015490988445,110.67500174297943,109.53059566572729,110.2348403930664,9523600
2025-10-21,110.42069196195318,110.88041257753997,109.54037668343724,110.24462890625,9202300
2025-10-22,110.9684405659551,112.66060257438927,110.60653856264305,112.20088195800781,12938800
2025-10-23,114.07888381990718,114.2940728303493,112.8366665266902,113.44310760498047,15001100
2025-10-24,113.80500539438323,113.92238324914227,112.66059929490352,112.86600494384766,9919400
2025-10-27,113.16922834660261,113.45288591527756,112.58235396357391,113.40398406982422,10975400
2025-10-28,112.96381511423425,113.63872471386321,112.4747519174045,112.51387786865234,9535200
2025-10-29,112.40629209734401,114.48970625363566,112.29869758868516,113.90282440185547,12570600
2025-10-30,113.88325805189164,113.97128584665982,112.02481638304766,112.18132019042969,16172900
2025-10-31,111.48685042088799,112.70950842160502,110.15659791910687,111.85853576660156,20213400
2025-11-03,111.99547896682066,112.47475883970789,111.15428961950117,111.27166748046875,12290300
2025-11-04,110.89997810565566,111.84876198944777,110.0490128403058,111.64335632324219,16860700
2025-11-05,111.59444073626622,112.6606024247043,111.18362942696528,111.19341278076172,12400900
2025-11-06,111.15428644574173,112.42585378445636,111.15428644574173,111.99547576904297,14219700
2025-11-07,112.68994672905053,114.93964053548139,112.38672991938411,114.6559829711914,17181100
2025-11-10,114.87117206413615,115.85907440036497,112.93447841994653,115.63410949707031,13048000
2025-11-11,116.23076366484545,118.1674497871952,116.23076366484545,117.15998077392578,16077100
2025-11-12,116.49485272257324,116.67091577303606,115.2135095268513,115.53629302978516,13790900
2025-11-13,116.03513894605227,117.1404266188385,115.69279617849078,116.19164276123047,17291900
2025-11-14,116.87244686746136,117.8887353636572,115.1062932109266,117.70126342773438,17064300
2025-11-17,117.38552169764868,117.90846178816332,115.55029315462276,116.11270141601562,16034900
2025-11-18,115.69830168794815,117.888736331486,114.92869114352331,117.4447250366211,15808500
2025-11-19,115.29375327419233,116.60604172062995,114.3860079315462,115.78709411621094,15919200
2025-11-20,116.408707853123,117.42498877850575,115.1852171506071,115.46148681640625,14401000
2025-11-21,115.43188565384565,115.81669090021714,114.10973583867872,115.52069091796875,15667600
2025-11-24,115.63909032972836,115.63909032972836,113.21185429092529,114.42547607421875,18034900
2025-11-25,113.64599157904323,114.35640356418065,112.66917886337103,112.98491668701172,14434600
2025-11-26,112.88625659268574,114.1985375288773,112.78758240073623,113.241455078125,11650600
2025-11-28,113.41906192601292,117.15858658847456,113.29079601103197,114.37614440917969,7240800
2025-12-01,114.55374295204415,115.84630108764226,114.55374295204415,115.0766830444336,12658100
2025-12-02,114.88921809084783,115.04708324638574,113.16252513788129,113.84333038330078,14607700
2025-12-03,114.40573490546087,116.40870498878743,114.33666749071055,116.2311019897461,16819100
2025-12-04,115.93510103769927,116.76391006156861,115.10629201382993,115.57989501953125,13686900
2025-12-05,115.19508677208725,117.1980493890323,114.85961861238273,114.98788452148438,12516900
2025-12-08,114.28734474807399,115.44176054687456,113.50786529061997,114.43534851074219,14904200
2025-12-09,115.34309108710077,118.86554441991682,115.33322216241953,116.67510986328125,23790800
2025-12-10,117.14871962735373,118.27353614463954,116.79351361897044,117.94792938232422,19845200
2025-12-11,117.52365595718771,118.75700806191198,117.48418778650247,117.94792938232422,14781800
2025-12-12,117.84926366942325,118.32286666589587,116.7343085399838,117.23751831054688,14459500
2025-12-15,117.42499492509607,117.44472524749287,115.29375877259989,116.19164276123047,16358700
2025-12-16,115.21481767475714,115.28388509197318,113.08358913795975,113.15265655517578,17638700
2025-12-17,113.67560151860383,116.05350810769643,113.63613334596256,115.84630584716797,18502200
2025-12-18,115.43188826880714,115.43188826880714,114.09000057442135,114.98788452148438,13705600
2025-12-19,115.19508563764711,116.00416431060746,114.41560621051228,115.1358871459961,45412800
2025-12-22,115.77722164532553,116.88230780760051,115.77722164532553,116.5764389038086,11768600
2025-12-23,116.89217662008511,118.43139758967328,116.74417286659772,117.82952117919922,12567600
2025-12-24,117.74073010922581,118.45114214395569,117.53352785372694,117.63219451904297,6137400
2025-12-26,117.30658757240157,117.95780111252107,116.95138155556984,117.5236587524414,8066100
2025-12-29,118.54980731774646,119.68449277406494,117.80979604551057,118.92474365234375,14782500
2025-12-30,119.48715192182848,120.17783362594038,119.02341032010088,119.37861633300781,11150500
2025-12-31,119.56609072636675,119.645027070368,118.27354008642878,118.73727416992188,10559900
2026-01-02,118.49059978063393,121.04610925583081,118.01699678802312,121.01651000976562,14175100
2026-01-05,123.54241067304274,124.25282267802316,120.75996867205853,123.69041442871094,30112200
2026-01-06,123.68055504442157,124.12456634567523,119.38849096567523,119.43782806396484,23328600
2026-01-07,118.20446913989147,118.52020697869004,116.6948398351087,116.91191101074219,20353000
2026-01-08,117.39538911339507,121.9834528842042,117.07965127821146,121.2730484008789,20232700
2026-01-09,121.58879088076311,123.19707936395015,121.46051744021162,122.95040893554688,16137700
2026-01-12,122.80240147695339,122.84186964764413,120.92770477195467,122.37812805175781,15314900
2026-01-13,123.33520752115764,125.44670567169717,123.14773559683472,124.85469818115234,21619700
2026-01-14,125.65390130486156,129.96570264290852,125.43683014660162,128.4659423828125,27593900
2026-01-15,127.41021728515625,128.4659589129329,126.59126963826562,127.41021728515625,17400000
2026-01-16,127.19313614676857,128.4264882192749,127.15366044933069,128.1600799560547,16592400
2026-01-20,129.75850742241903,130.18278839040843,128.3376983939911,128.72250366210938,16477300
2026-01-21,130.15319515904696,131.94894814141026,130.15319515904696,131.83055114746094,18879900
2026-01-22,131.2780145581945,132.39295473790614,130.09399942683189,131.8601531982422,16600100
2026-01-23,133.29083656970107,134.16898274194648,132.68896008834847,133.1724395751953,17758200
2026-01-26,135.10632010808388,135.1161965608048,132.3830839926767,133.04415893554688,16056100
2026-01-27,133.44868592421057,135.10630377962872,132.91588448655938,135.0076446533203,14517000
2026-01-28,135.8562009907484,136.17193129495084,134.84978147594126,135.74766540527344,15637300
2026-01-29,138.4511844795975,140.4442706895522,137.25729298858514,138.63864135742188,35760600
2026-01-30,136.89222281998863,140.31600948196575,135.99433887052737,139.51678466796875,29657700
2026-02-02,137.96769474381085,138.45117416466744,136.2212640353769,136.55673217773438,27735600
2026-02-03,136.793544109173,143.07870143659915,136.4679373562069,141.8157501220703,37577800
2026-02-04,142.20055727718952,145.87101428924865,142.20055727718952,145.6243438720703,29426200
2026-02-05,144.62781659622433,144.77581284046167,141.884842462186,144.1344757080078,18431700
2026-02-06,144.6672665207462,147.57798958994934,144.1443264224402,147.06491088867188,17216000
2026-02-09,147.27209524420377,149.53160461677265,146.6504960526817,149.19613647460938,21297300
2026-02-10,149.33428146677946,149.75854737153173,147.82465966871308,149.57107543945312,15800300
2026-02-11,151.91938464479432,154.83995408588135,151.52471798158845,153.4882049560547,23091500
2026-02-12,152.8525141182461,154.20334596774293,148.86955392329364,148.91920471191406,30652500
2026-02-13,149.53503667709694,150.63755397112487,146.9823556296224,147.44918823242188,20166000
2026-02-17,147.20088103709168,148.12461916232286,144.1714401084163,145.20443725585938,19766600
2026-02-18,147.1512117547303,149.96213457527915,146.61485893888485,149.66415405273438,19849700
2026-02-19,151.17391296007145,152.34596565632472,149.82308104142925,149.95220947265625,20305000
2026-02-20,149.47544461771784,149.79327938752533,145.47261494560635,146.28707885742188,25908600
2026-02-23,147.15121695350626,150.2501932791706,147.13136269897575,149.74362182617188,16073100
2026-02-24,149.40590636909334,149.7038868797102,147.0320197225123,148.25372314453125,14185500
2026-02-25,148.89935987129022,149.16752870809867,146.33675156146265,148.05508422851562,15225700
2026-02-26,146.8134999377823,149.94227252800187,145.78051802335915,147.53857421875,15632100
2026-02-27,149.98200583536115,152.61413431248826,148.24380378097783,151.47189331054688,30275100
2026-03-02,158.27571783411466,158.53395953870333,151.99831803716847,153.1802978515625,31493100
2026-03-03,154.38213258261683,154.99796304377034,149.2867277341108,150.80641174316406,25198900
2026-03-04,149.70389345621814,150.14092953686614,146.8631740879252,148.80996704101562,16764800
2026-03-05,149.9820092838136,151.30304469422904,148.46232523665645,149.74362182617188,22969300
2026-03-06,152.11750594783567,152.7631329506698,148.94902463171314,150.1905975341797,21136400
2026-03-09,150.99513118452776,152.8525193577848,148.4623194854107,149.42578125,25532700
2026-03-10,148.2438074071617,149.3860484370434,146.70425394729372,147.13136291503906,19617600
2026-03-11,146.9922966622343,150.78653536813772,146.66451961480584,150.55809020996094,15297400
2026-03-12,151.24344930814027,153.95504029024,150.607764586727,152.4949493408203,26054000
2026-03-13,153.25975221702967,155.83228746743393,151.94864404183042,155.06747436523438,22414100
2026-03-16,154.94829470435673,156.7162932647919,153.71664895698615,156.1699981689453,22835600
2026-03-17,157.1831271380657,159.36829238305089,155.74290562359263,157.73934936523438,21592200
2026-03-18,158.5836245978209,159.10010800410745,156.46797955848893,156.52757263183594,18947100
2026-03-19,157.19305147663275,158.48429028446628,153.79610994446438,157.09373474121094,27082700
2026-03-20,158.27571685943028,161.3448813824297,158.02740228334451,158.5935516357422,53942100
2026-03-23,155.0674825949629,160.3317546721225,153.9749075468967,160.04371643066406,25021300
2026-03-24,160.61980432865266,166.35089373485314,160.16289884783137,164.2650604248047,26131800
2026-03-25,162.76523571437266,163.8876224635627,161.83157047054226,162.1593475341797,17192300
2026-03-26,162.9837500460696,164.5630270982508,160.96743691898868,164.31471252441406,18625200
2026-03-27,164.46370369951495,170.07560677850861,163.68896347300407,169.8372344970703,30338300
2026-03-30,171.34697728498398,175.22069359950967,169.8968287100872,170.31399536132812,29813500
2026-03-31,171.50590682570027,173.20438516733364,164.8510793251324,168.51620483398438,32006700
2026-04-01,164.65244003535972,166.86740190025927,158.4545025086476,159.69607543945312,37927600
2026-04-02,163.38105866010596,165.77479957775347,158.51408403248303,159.60667419433594,25377700
2026-04-06,159.487489402714,162.64604346041736,158.4544923034983,162.2686004638672,16344300
2026-04-07,163.11288507606477,165.11927115752792,160.67940518515758,162.8049774169922,25227500
2026-04-08,152.48501476813874,155.2959375077992,149.96213025990082,155.16680908203125,31311200
2026-04-09,155.80250368747105,158.15652110139501,153.26969189141946,153.99476623535156,25868400
2026-04-10,153.0014954462256,154.07421618394392,150.89579278843675,151.4818115234375,21065000
2026-04-13,153.2299625378998,153.5775938501499,150.2601147579226,151.61094665527344,18685600
2026-04-14,149.05827765272088,149.0980013153962,145.73085634569497,148.23387145996094,18528200
2026-04-15,147.5981924772423,149.21719323350692,145.90964120778764,148.0054168701172,15626500
2026-04-16,148.5219186530788,151.7500082642809,148.3431394263767,150.9553985595703,15191000
2026-04-17,143.88339364446122,145.81031711382454,141.01287784947976,145.45274353027344,28947400
2026-04-20,146.38640659622348,148.36298082556593,145.36335180517733,146.6843719482422,16354400
2026-04-21,146.3764710712823,147.80676545067388,145.25409949638887,147.35980224609375,17515900
2026-04-22,148.362982781199,149.6641486885593,147.18100301621726,148.4921112060547,13738700
2026-04-23,148.83975888275486,150.2104449991002,147.4988541463299,149.51516723632812,12970400
2026-04-24,148.6311717290291,149.28672584587542,145.95930447127088,147.90609741210938,13735900
2026-04-27,148.15441024053547,150.16078107497748,146.97243044995622,147.19094848632812,13940800
2026-04-28,150.50842941760018,151.2831696813456,148.8198933339478,149.5449676513672,15173600
2026-04-29,150.99512988770653,153.90536941024126,149.99192931237258,153.62725830078125,14669100
2026-04-30,151.4023509728099,154.6403826360389,150.3197030948466,153.28955078125,22885900
2026-05-01,151.5811440344586,153.96495780190406,150.11112604973115,151.72019958496094,15458200
2026-05-04,151.64074192537495,153.42860988574816,148.51198436166095,152.65386962890625,14238500
2026-05-05,152.06784743638346,154.24307032010233,151.3824968040683,153.83584594726562,12494600
2026-05-06,148.0650192907908,149.31651926928876,146.09835698125573,147.6875762939453,20527000
2026-05-07,145.81031490363108,146.08842600263094,143.2179102511608,145.591796875,22509400
2026-05-08,144.8667215176822,145.51233331644596,142.9497252181697,143.59535217285156,19550100
2026-05-11,145.0355844956354,148.71063725771492,145.01571508552792,148.6708984375,14849500
2026-05-12,150.2303172466553,150.78653946738183,148.76029921246098,149.614501953125,16443100
2026-05-13,149.04834222252728,150.76667488570803,148.67089920812532,150.5481719970703,15772800
2026-05-14,150.87592785682824,152.08770418043682,150.240243158863,151.75,11331500
2026-05-15,153.75,158.0,153.0,157.9199981689453,27882400
2026-05-18,157.32000732421875,161.72999572753906,155.22999572753906,160.49000549316406,20065200
2026-05-19,161.5,163.32000732421875,159.63999938964844,162.5500030517578,20715600
2026-05-20,161.61000061035156,163.67999267578125,156.27000427246094,156.27999877929688,18509700
2026-05-21,158.4199981689453,159.38999938964844,153.4600067138672,155.2899932861328,17061700
2026-05-22,154.02999877929688,155.5500030517578,153.1699981689453,154.9199981689453,12948500
2026-05-26,153.5,154.5500030517578,149.47000122070312,149.80999755859375,13057800
2026-05-27,147.22999572753906,148.69000244140625,145.75,147.89999389648438,16241100
2026-05-28,149.33999633789062,150.2100067138672,146.8699951171875,146.9600067138672,14012500
2026-05-29,146.19000244140625,146.92999267578125,144.7100067138672,145.25999450683594,27959900
2026-06-01,147.02000427246094,149.64999389648438,147.0,149.3800048828125,16732100
2026-06-02,149.02999877929688,150.8300018310547,148.5,149.55999755859375,10462400
2026-06-03,150.61000061035156,154.91000366210938,150.02000427246094,152.52999877929688,14373000
2026-06-04,152.0500030517578,153.42999267578125,150.94000244140625,152.0399932861328,11799400
2026-06-05,152.00999450683594,152.1300048828125,149.3000030517578,149.9199981689453,16584000
2026-06-08,151.16000366210938,153.80999755859375,150.89999389648438,151.75,13870900
2026-06-09,150.91000366210938,151.1300048828125,147.77999877929688,148.91000366210938,18163500
2026-06-10,151.22999572753906,152.49000549316406,149.55999755859375,150.6199951171875,14596500
2026-06-11,152.3000030517578,152.49000549316406,146.4199981689453,146.60000610351562,17285800
2026-06-12,145.6300048828125,148.91000366210938,145.14999389648438,147.00999450683594,17713100
2026-06-15,139.74000549316406,141.97999572753906,137.72000122070312,140.9199981689453,23631400
2026-06-16,140.19000244140625,142.14999389648438,139.97999572753906,141.86000061035156,18925400
2026-06-17,141.22000122070312,142.33999633789062,140.32000732421875,140.74000549316406,16663200
2026-06-18,138.32000732421875,138.4600067138672,135.85000610351562,137.80999755859375,48063400
2026-06-22,138.5399932861328,139.0,137.02000427246094,138.47000122070312,15783300
2026-06-23,139.4600067138672,140.38999938964844,138.5,139.72999572753906,13699400
2026-06-24,137.1199951171875,137.63999938964844,135.58999633789062,136.89999389648438,16212900
2026-06-25,135.63999938964844,138.07000732421875,134.9499969482422,137.5500030517578,13288800
